1866,Denmark
1866,Dominican Republic
1866,Haiti
1866,Spain
1905,Italy
1905,Germany
1905,France
1905,United Kingdom
1905,United Kingdom
1906,Brazil
1906,Uruguay
1906,Argentina
1906,Chile
1906,Peru
1906,Panama
1906,Colombia
1907,Canada
1907,Mexico
1912,Panama
1912,Costa Rica
1912,Nicaragua
1912,Honduras
1912,El Salvador
1912,Guatemala
1912,Venezuela
1912,Dominican Republic
1912,Denmark
1912,Haiti
1912,Cuba
1912,United Kingdom
1912,Japan
1918,France
1919,France
1920,United Kingdom
1920,Brazil
1920,Uruguay
1921,Argentina
1921,United Kingdom
1922,United Kingdom
1922,Brazil
1923,Canada
1924,United Kingdom
1924,France
1924,Belgium
1924,Germany
1927,Canada
1928,Cuba
1928,Canada
1928,France
1928,Ireland
1928,France
1930,United Kingdom
1930,Canada
1931,Italy
1931,France
1931,United Kingdom
1931,Germany
1931,Netherlands
1931,United Kingdom
1932,Switzerland
1933,United Kingdom
1933,Brazil
1933,Uruguay
1933,Argentina
1934,Chile
1934,Peru
1934,Ecuador
1934,Colombia
1934,Panama
1936,Brazil
1936,Uruguay
1936,Argentina
1936,Brazil
1937,United Kingdom
1937,Canada
1938,Panama
1938,Colombia
1938,Ecuador
1938,Peru
1938,Ecuador
1939,Colombia
1939,Panama
1940,Cuba
1943,Canada
1943,Morocco
1943,France
1943,Egypt
1943,Iran
1943,U.S.S.R.
1945,Belgium
1945,Germany
1945,United Kingdom
1945,United Kingdom
1945,U.S.S.R.
1946,United Kingdom
1946,France
1946,France
1946,France
1947,France
1947,Germany
1947,U.S.S.R.
1947,Germany
1947,Brazil
1947,United Kingdom
1948,Colombia
1948,France
1948,France
1948,Greece
1948,Italy
1948,France
1948,United Kingdom
1948,France
1953,Italy
1953,France
1953,United Kingdom
1953,Federal Republic of Germany
1953,Netherlands
1953,Belgium
1953,Luxembourg
1953,France
1953,Egypt
1953,Israel
1953,Jordan
1953,Syria
1953,Lebanon
1953,Iraq
1953,Saudi Arabia
1953,India
1953,Pakistan
1953,Turkey
1953,Greece
1953,Libya
1953,Japan
1953,South Korea
1953,Japan
1953,United Kingdom
1953,United Kingdom
1953,France
1954,Germany
1954,Federal Republic of Germany
1954,Venezuela
1954,United Kingdom
1954,France
1954,France
1954,Switzerland
1954,Italy
1954,France
1954,Philippines
1954,Republic of China
1954,Japan
1954,Federal Republic of Germany
1954,United Kingdom
1954,United Kingdom
1954,France
1954,France
1955,United Kingdom
1955,Philippines
1955,Thailand
1955,Burma
1955,Laos
1955,Cambodia
1955,Vietnam
1955,Philippines
1955,Republic of China
1955,Canada
1955,France
1955,Austria
1955,France
1955,Switzerland
1955,Canada
1955,Italy
1955,Vatican City
1955,France
1955,Switzerland
1955,Spain
1955,Austria
1955,Yugoslavia
1955,France
1956,United Kingdom
1956,Pakistan
1956,India
1956,Ceylon
1956,Indonesia
1956,Thailand
1956,Vietnam
1956,Philippines
1956,Republic of China
1956,South Korea
1956,Japan
1956,France
1956,Panama
1956,Colombia
1956,Ecuador
1956,Peru
1956,United Kingdom
1956,United Kingdom
1956,United Kingdom
1956,France
1957,Australia
1957,United Kingdom
1957,Federal Republic of Germany
1957,France
1957,Canada
1957,United Kingdom
1957,France
1957,Spain
1958,Morocco
1958,Iran
1958,Turkey
1958,Philippines
1958,Republic of China
1958,Denmark
1958,Germany
1958,France
1958,France
1958,Canada
1958,Federal Republic of Germany
1958,United Kingdom
1958,Brazil
1958,Italy
1958,United Kingdom
1958,Vatican City
1958,Republic of China
1958,Mexico
1958,France
1958,United Kingdom
1959,United Kingdom
1959,United Kingdom
1959,France
1959,Federal Republic of Germany
1959,France
1959,Switzerland
1959,Canada
1959,Switzerland
1959,Germany
1959,Chile
1959,Federal Republic of Germany
1959,United Kingdom
1959,France
1959,France
1960,Brazil
1960,Argentina
1960,Chile
1960,Uruguay
1960,United Kingdom
1960,Iran
1960,Turkey
1960,Greece
1960,France
1960,Costa Rica
1960,Mexico
1960,Belgium
1960,France
1961,Thailand
1961,India
1961,Turkey
1961,Norway
1961,Switzerland
1961,France
1961,Austria
1961,United Kingdom
1961,France
1961,Italy
1961,Japan
1961,South Korea
1961,France
1961,Spain
1961,United Kingdom
1962,Uruguay
1962,Switzerland
1962,United Kingdom
1962,Greece
1962,Australia
1962,New Zealand
1962,France
1962,Germany
1962,Federal Republic of Germany
1962,Italy
1962,United Kingdom
1962,Portugal
1962,Switzerland
1962,Canada
1962,France
1962,Ireland
1963,Costa Rica
1963,France
1963,Turkey
1963,Iran
1963,Pakistan
1963,India
1963,Yugoslavia
1963,Canada
1963,Federal Republic of Germany
1963,Germany
1963,United Kingdom
1963,Italy
1963,U.S.S.R.
1963,Federal Republic of Germany
1963,Federal Republic of Germany
1963,France
1963,United Kingdom
1964,Japan
1964,South Korea
1964,Philippines
1964,Republic of China
1964,Vietnam
1964,Canada
1964,Belgium
1964,Netherlands
1964,India
1964,Vietnam
1964,Thailand
1964,Iceland
1964,France
1965,United Kingdom
1965,Iran
1965,Switzerland
1965,United Kingdom
1965,Austria
1965,Venezuela
1965,Argentina
1965,Uruguay
1965,Brazil
1965,Paraguay
1965,France
1965,Spain
1966,India
1966,Thailand
1966,Vietnam
1966,Philippines
1966,Mexico
1966,Turkey
1966,Finland
1966,Norway
1966,Belgium
1966,Federal Republic of Germany
1966,United Kingdom
1966,Australia
1966,Philippines
1966,Republic of China
1966,Japan
1966,South Korea
1966,Mexico
1966,Japan
1966,Philippines
1966,Vietnam
1966,Thailand
1966,Malaysia
1966,South Korea
1966,Mexico
1966,Japan
1966,Republic of China
1966,Vietnam
1966,Thailand
1966,Iran
1966,India
1966,France
1967,Argentina
1967,Uruguay
1967,Federal Republic of Germany
1967,Luxembourg
1967,Ireland
1967,Belgium
1968,New Zealand
1968,Iceland
1968,Federal Republic of Germany
1968,Belgium
1968,Spain
1968,Portugal
1969,Belgium
1969,United Kingdom
1969,Federal Republic of Germany
1969,Germany
1969,Italy
1969,Vatican City
1969,Vietnam
1969,Thailand
1969,India
1969,Pakistan
1969,Afghanistan
1969,Iran
1969,Canada
1969,Philippines
1969,Indonesia
1969,Japan
1969,South Korea
1969,Republic of China
1969,United Kingdom
1969,Indonesia
1969,Australia
1969,New Zealand
1969,Mexico
1969,Belgium
1969,Federal Republic of Germany
1969,Belgium
1969,France
1970,Morocco
1970,Tunisia
1970,Ethiopia
1970,Kenya
1970,Zambia
1970,Democratic Republic of Congo (Zaire)
1970,Cameroon
1970,Nigeria
1970,Ghana
1970,Liberia
1970,Netherlands Antilles
1970,Italy
1970,Spain
1970,Portugal
1970,Philippines
1970,Vietnam
1970,Japan
1970,United Kingdom
1970,Mexico
1970,Italy
1970,Yugoslavia
1970,Spain
1970,United Kingdom
1970,Ireland
1970,France
1970,Canada
1970,Mexico
1970,Belgium
1971,Costa Rica
1971,Mexico
1971,United Kingdom
1971,Turkey
1971,France
1971,Saudi Arabia
1971,Jordan
1971,Lebanon
1971,Egypt
1971,Israel
1971,Vatican City
1971,Italy
1971,Portugal
1971,France
1971,United Kingdom
1971,Belgium
1971,Portugal
1971,United Kingdom
1972,People's Republic of China
1972,Canada
1972,Iceland
1972,United Kingdom
1972,Belgium
1972,Luxembourg
1972,Federal Republic of Germany
1972,Austria
1972,U.S.S.R.
1972,Federal Republic of Germany
1972,Poland
1972,United Kingdom
1972,Federal Republic of Germany
1972,Germany
1972,Australia
1972,Indonesia
1972,Sri Lanka
1972,Yemen
1972,Bahrain
1972,Kuwait
1972,Greece
1972,Romania
1972,Hungary
1972,Yugoslavia
1972,Italy
1972,Vatican City
1972,Belgium
1973,France
1973,France
1973,Mexico
1973,Venezuela
1973,Nicaragua
1973,Peru
1973,Colombia
1973,Brazil
1973,Argentina
1973,Netherlands Antilles
1973,Jamaica
1973,Iceland
1973,Iran
1973,Denmark
1973,United Kingdom
1973,Finland
1973,Czechoslovakia
1973,Japan
1973,South Korea
1973,U.S.S.R.
1973,Israel
1973,United Kingdom
1973,Morocco
1973,Tunisia
1973,Egypt
1973,Saudi Arabia
1973,Jordan
1973,Iran
1973,Pakistan
1973,China
1973,Japan
1973,South Korea
1973,Belgium
1973,United Kingdom
1973,Algeria
1973,Egypt
1973,Saudi Arabia
1973,Syria
1973,Jordan
1973,Lebanon
1973,Israel
1973,Portugal
1973,Spain
1973,France
1973,Switzerland
1974,Egypt
1974,Spain
1974,Israel
1974,Jordan
1974,Syria
1974,Israel
1974,Panama
1974,Mexico
1974,United Kingdom
1974,Syria
1974,Israel
1974,Egypt
1974,Syria
1974,Jordan
1974,Saudi Arabia
1974,Federal Republic of Germany
1974,Belgium
1974,Federal Republic of Germany
1974,U.S.S.R.
1974,United Kingdom
1974,Mexico
1974,Switzerland
1974,Algeria
1974,Egypt
1974,Israel
1974,Syria
1974,Israel
1974,Jordan
1974,Cyprus
1974,Saudi Arabia
1974,Egypt
1974,Austria
1974,Federal Republic of Germany
1974,Egypt
1974,Saudi Arabia
1974,Syria
1974,Israel
1974,Canada
1974,Belgium
1974,U.S.S.R.
1974,Belgium
1974,France
1974,Italy
1974,Vatican City
1974,Federal Republic of Germany
1974,United Kingdom
1974,Spain
1974,Egypt
1974,Syria
1974,Jordan
1974,Israel
1974,Saudi Arabia
1974,Algeria
1974,Syria
1974,Egypt
1974,Morocco
1974,Mexico
1974,Denmark
1974,U.S.S.R.
1974,India
1974,Bangladesh
1974,Pakistan
1974,Afghanistan
1974,Iran
1974,Romania
1974,Yugoslavia
1974,Italy
1974,Egypt
1974,Saudi Arabia
1974,Jordan
1974,Syria
1974,Israel
1974,Tunisia
1974,Japan
1974,South Korea
1974,U.S.S.R.
1974,Japan
1974,China
1974,Belgium
1974,France
1975,Israel
1975,Egypt
1975,Syria
1975,Israel
1975,Jordan
1975,Saudi Arabia
1975,Federal Republic of Germany
1975,Switzerland
1975,France
1975,Switzerland
1975,United Kingdom
1975,United Kingdom
1975,Belgium
1975,Egypt
1975,Israel
1975,Syria
1975,Turkey
1975,Syria
1975,Jordan
1975,Saudi Arabia
1975,Austria
1975,Federal Republic of Germany
1975,Germany
1975,Turkey
1975,France
1975,Belgium
1975,Spain
1975,Austria
1975,Vatican City
1975,Italy
1975,France
1975,Switzerland
1975,Federal Republic of Germany
1975,United Kingdom
1975,Federal Republic of Germany
1975,Poland
1975,Finland
1975,Romania
1975,Yugoslavia
1975,Canada
1975,Israel
1975,Egypt
1975,Syria
1975,Israel
1975,Saudi Arabia
1975,Jordan
1975,Syria
1975,Canada
1975,Japan
1975,China
1975,Japan
1975,France
1975,China
1975,Indonesia
1975,Philippines
1975,Japan
1975,Belgium
1975,Federal Republic of Germany
1975,France
1976,Denmark
1976,U.S.S.R.
1976,Belgium
1976,Spain
1976,Venezuela
1976,Peru
1976,Brazil
1976,Colombia
1976,Costa Rica
1976,Guatemala
1976,United Kingdom
1976,Kenya
1976,Tanzania
1976,Zambia
1976,Zaire
1976,Liberia
1976,Senegal
1976,Kenya
1976,France
1976,Norway
1976,Federal Republic of Germany
1976,Sweden
1976,United Kingdom
1976,Luxembourg
1976,Dominican Republic
1976,Bolivia
1976,Chile
1976,Mexico
1976,France
1976,Federal Republic of Germany
1976,United Kingdom
1976,United Kingdom
1976,Iran
1976,Afghanistan
1976,Pakistan
1976,France
1976,Netherlands
1976,United Kingdom
1976,Switzerland
1976,France
1976,Federal Republic of Germany
1976,Tanzania
1976,Zambia
1976,South Africa
1976,Tanzania
1976,Zaire
1976,Kenya
1976,United Kingdom
1976,Mexico
1976,Belgium
1976,United Kingdom
1977,Israel
1977,Egypt
1977,Lebanon
1977,Jordan
1977,Saudi Arabia
1977,Syria
1977,Belgium
1977,U.S.S.R.
1977,Federal Republic of Germany
1977,United Kingdom
1977,France
1977,United Kingdom
1977,Switzerland
1977,Spain
1977,Iran
1977,Switzerland
1977,France
1977,Grenada
1977,Trinidad and Tobago
1977,France
1977,Egypt
1977,Lebanon
1977,Syria
1977,Jordan
1977,Saudi Arabia
1977,Israel
1977,United Kingdom
1977,China
1977,Japan
1977,Argentina
1977,Brazil
1977,Venezuela
1977,Belgium
1977,Egypt
1977,Israel
1977,Jordan
1977,Lebanon
1977,Syria
1977,Saudi Arabia
1977,Poland
1977,Iran
1978,Iran
1978,India
1978,Saudi Arabia
1978,Egypt
1978,France
1978,Hungary
1978,Ireland
1978,Israel
1978,Turkey
1978,Egypt
1978,Greece
1978,Venezuela
1978,Brazil
1978,Nigeria
1978,Liberia
1978,Tanzania
1978,Sudan
1978,South Africa
1978,Southern Rhodesia (Zimbabwe)
1978,United Kingdom
1978,U.S.S.R.
1978,Mexico
1978,France
1978,United Kingdom
1978,Switzerland
1978,Federal Republic of Germany
1978,Germany
1978,United Kingdom
1978,Israel
1978,Egypt
1978,Dominican Republic
1978,Jordan
1978,Saudi Arabia
1978,Syria
1978,South Africa
1978,Switzerland
1978,U.S.S.R.
1978,Canada
1978,United Kingdom
1978,Egypt
1978,Israel
1978,Israel
1978,Switzerland
1978,Belgium
1979,Mexico
1979,Egypt
1979,Israel
1979,Egypt
1979,United Kingdom
1979,Egypt
1979,Israel
1979,Italy
1979,Vatican City
1979,Netherlands
1979,Spain
1979,Austria
1979,Portugal
1979,Japan
1979,South Korea
1979,Indonesia
1979,Australia
1979,Ecuador
1979,Bolivia
1979,South Korea
1979,United Kingdom
1979,France
1979,Federal Republic of Germany
1979,Italy
1979,Belgium
1980,Federal Republic of Germany
1980,Italy
1980,France
1980,United Kingdom
1980,Canada
1980,Belgium
1980,Austria
1980,Italy
1980,Vatican City
1980,Turkey
1980,Malaysia
1980,Japan
1980,Mexico
1980,Belgium
1980,United Kingdom
1981,Canada
1981,Egypt
1981,Israel
1981,Jordan
1981,Saudi Arabia
1981,Spain
1981,Italy
1981,United Kingdom
1981,France
1981,Federal Republic of Germany
1981,Italy
1981,Belgium
1981,United Kingdom
1981,China
1981,Philippines
1981,New Zealand
1981,Bahamas
1981,Canada
1981,Mexico
1981,Spain
1981,Yugoslavia
1981,Germany
1981,Federal Republic of Germany
1981,Egypt
1981,Mexico
1981,Mexico
1981,St. Lucia
1981,Belgium
1982,Belgium
1982,Egypt
1982,Israel
1982,Switzerland
1982,Israel
1982,Egypt
1982,United Kingdom
1982,Spain
1982,Portugal
1982,Morocco
1982,Romania
1982,United Kingdom
1982,Argentina
1982,United Kingdom
1982,Argentina
1982,Venezuela
1982,Turkey
1982,Greece
1982,Luxembourg
1982,France
1982,Italy
1982,Vatican City
1982,United Kingdom
1982,Federal Republic of Germany
1982,Germany
1982,Canada
1982,Mexico
1982,Canada
1982,Brazil
1982,Colombia
1982,Costa Rica
1982,Honduras
1982,Federal Republic of Germany
1982,Belgium
1982,Netherlands
1982,Italy
1982,France
1982,Spain
1982,United Kingdom
1983,Japan
1983,China
1983,South Korea
1983,United Kingdom
1983,Japan
1983,Mexico
1983,Egypt
1983,Israel
1983,Israel
1983,Lebanon
1983,Lebanon
1983,Israel
1983,Lebanon
1983,Israel
1983,Syria
1983,Jordan
1983,France
1983,Lebanon
1983,Israel
1983,Saudi Arabia
1983,France
1983,Philippines
1983,Thailand
1983,India
1983,Pakistan
1983,Saudi Arabia
1983,Lebanon
1983,Syria
1983,Israel
1983,Jordan
1983,Egypt
1983,Mexico
1983,Spain
1983,Canada
1983,France
1983,Japan
1983,South Korea
1983,Federal Republic of Germany
1983,Belgium
1983,Tunisia
1983,Morocco
1983,Portugal
1984,United Kingdom
1984,Sweden
1984,Norway
1984,El Salvador
1984,Venezuela
1984,Brazil
1984,Grenada
1984,Barbados
1984,Bahamas
1984,China
1984,South Korea
1984,Japan
1984,El Salvador
1984,Nicaragua
1984,Ireland
1984,United Kingdom
1984,United Kingdom
1984,Malaysia
1984,Singapore
1984,Indonesia
1984,Australia
1984,New Zealand
1984,El Salvador
1984,Panama
1984,Mexico
1984,Canada
1984,Brazil
1984,United Kingdom
1984,Belgium
1984,Federal Republic of Germany
1985,Switzerland
1985,Bahamas
1985,Ecuador
1985,Uruguay
1985,U.S.S.R.
1985,Iceland
1985,Canada
1985,Federal Republic of Germany
1985,Spain
1985,France
1985,Portugal
1985,Israel
1985,Egypt
1985,Jordan
1985,Austria
1985,Portugal
1985,United Kingdom
1985,United Kingdom
1985,Thailand
1985,Malaysia
1985,Australia
1985,Fiji
1985,Mexico
1985,Finland
1985,Belgium
1985,Canada
1985,Ireland
1985,Finland
1985,U.S.S.R.
1985,Iceland
1985,Switzerland
1985,Belgium
1985,Colombia
1985,United Kingdom
1985,Belgium
1985,Federal Republic of Germany
1985,Germany
1985,Romania
1985,Hungary
1985,Yugoslavia
1986,Mexico
1986,Bahamas
1986,Grenada
1986,Sweden
1986,France
1986,Turkey
1986,Greece
1986,Italy
1986,Vatican City
1986,Indonesia
1986,Japan
1986,South Korea
1986,Philippines
1986,Canada
1986,United Kingdom
1986,Singapore
1986,Philippines
1986,Brunei Darussalam
1986,Palau
1986,Colombia
1986,Haiti
1986,Dominican Republic
1986,Iceland
1986,Belgium
1986,El Salvador
1986,Austria
1986,France
1986,Guatemala
1986,Canada
1986,United Kingdom
1986,Belgium
1987,United Kingdom
1987,Senegal
1987,Kenya
1987,Cameroon
1987,Nigeria
1987,Cote d'Ivoire
1987,Liberia
1987,United Kingdom
1987,China
1987,South Korea
1987,Japan
1987,Canada
1987,Ireland
1987,Finland
1987,U.S.S.R.
1987,Belgium
1987,Italy
1987,Iceland
1987,Philippines
1987,Singapore
1987,Australia
1987,Western Samoa
1987,Canada
1987,Israel
1987,Saudi Arabia
1987,Israel
1987,Egypt
1987,United Kingdom
1987,Finland
1987,U.S.S.R.
1987,Belgium
1987,Switzerland
1987,Belgium
1987,Belgium
1987,Denmark
1987,Norway
1987,United Kingdom
1987,Federal Republic of Germany
1988,Canada
1988,Mexico
1988,Finland
1988,U.S.S.R.
1988,Belgium
1988,Israel
1988,Jordan
1988,Syria
1988,Israel
1988,Egypt
1988,Israel
1988,Jordan
1988,Israel
1988,Belgium
1988,United Kingdom
1988,United Kingdom
1988,Israel
1988,Syria
1988,Egypt
1988,Italy
1988,Vatican City
1988,Israel
1988,Syria
1988,Jordan
1988,Egypt
1988,Jordan
1988,Saudi Arabia
1988,Jordan
1988,Cyprus
1988,Switzerland
1988,Finland
1988,U.S.S.R.
1988,Belgium
1988,Switzerland
1988,Belgium
1988,Finland
1988,U.S.S.R.
1988,Egypt
1988,Jordan
1988,Egypt
1988,Israel
1988,Syria
1988,Egypt
1988,Spain
1988,Canada
1988,Guatemala
1988,El Salvador
1988,Honduras
1988,Costa Rica
1988,Thailand
1988,Malaysia
1988,Indonesia
1988,Philippines
1988,United Kingdom
1988,China
1988,South Korea
1988,Japan
1988,Marshall Islands
1988,Guatemala
1988,Argentina
1988,Uruguay
1988,Brazil
1988,Bolivia
1988,Costa Rica
1988,Honduras
1988,El Salvador
1988,Ecuador
1988,Egypt
1988,Pakistan
1988,Egypt
1988,El Salvador
1988,Mexico
1988,Belgium
1989,France
1989,Austria
1989,Canada
1989,Iceland
1989,United Kingdom
1989,Federal Republic of Germany
1989,Denmark
1989,Norway
1989,Italy
1989,Greece
1989,Turkey
1989,Spain
1989,Portugal
1989,Belgium
1989,Netherlands
1989,Luxembourg
1989,France
1989,Japan
1989,Republic of Korea
1989,Austria
1989,Finland
1989,U.S.S.R.
1989,Belgium
1989,Italy
1989,Vatican City
1989,Belgium
1989,Federal Republic of Germany
1989,United Kingdom
1989,Japan
1989,Brunei Darussalam
1989,Oman
1989,Poland
1989,Hungary
1989,France
1989,Netherlands
1989,France
1989,Mexico
1989,Costa Rica
1989,Australia
1989,Malta
1989,Belgium
1989,Germany
1989,United Kingdom
1989,German Democratic Republic
1989,Belgium
1989,Netherlands Antilles
1989,France
1990,Czechoslovakia
1990,Ireland
1990,U.S.S.R.
1990,Bulgaria
1990,Romania
1990,Canada
1990,Colombia
1990,Namibia
1990,South Africa
1990,Zaire
1990,United Kingdom
1990,Belgium
1990,Federal Republic of Germany
1990,Poland
1990,U.S.S.R.
1990,Denmark
1990,United Kingdom
1990,Guatemala
1990,German Democratic Republic
1990,Ireland
1990,Belgium
1990,United Kingdom
1990,France
1990,Indonesia
1990,Singapore
1990,U.S.S.R.
1990,Mongolia
1990,U.S.S.R.
1990,Turkey
1990,Belgium
1990,Saudi Arabia
1990,United Arab Emirates
1990,Egypt
1990,Finland
1990,U.S.S.R.
1990,Belgium
1990,Syria
1990,Italy
1990,Federal Republic of Germany
1990,Bahrain
1990,Saudi Arabia
1990,Egypt
1990,Turkey
1990,U.S.S.R.
1990,United Kingdom
1990,France
1990,United Kingdom
1990,Belgium
1990,France
1990,Switzerland
1990,Saudi Arabia
1990,Yemen
1990,Egypt
1990,Colombia
1990,Belgium
1991,United Kingdom
1991,France
1991,Germany
1991,Italy
1991,Switzerland
1991,Saudi Arabia
1991,Egypt
1991,Saudi Arabia
1991,United Arab Emirates
1991,Syria
1991,Turkey
1991,United Kingdom
1991,Canada
1991,Saudi Arabia
1991,Egypt
1991,Israel
1991,Syria
1991,U.S.S.R.
1991,Turkey
1991,Turkey
1991,Israel
1991,Egypt
1991,Syria
1991,Switzerland
1991,Luxembourg
1991,Israel
1991,Egypt
1991,Jordan
1991,Saudi Arabia
1991,Kuwait
1991,Syria
1991,U.S.S.R.
1991,Israel
1991,Syria
1991,Egypt
1991,Jordan
1991,Israel
1991,Portugal
1991,Denmark
1991,Switzerland
1991,Germany
1991,Yugoslavia
1991,Albania
1991,United Kingdom
1991,Syria
1991,Egypt
1991,Saudi Arabia
1991,Israel
1991,Jordan
1991,Malaysia
1991,Mongolia
1991,U.S.S.R.
1991,Israel
1991,Jordan
1991,Morocco
1991,Tunisia
1991,Algeria
1991,Belgium
1991,Mexico
1991,U.S.S.R.
1991,Lithuania
1991,Latvia
1991,Estonia
1991,Israel
1991,Egypt
1991,Syria
1991,Jordan
1991,Syria
1991,Egypt
1991,Jordan
1991,Syria
1991,Israel
1991,Spain
1991,France
1991,Spain
1991,Italy
1991,Netherlands
1991,Japan
1991,South Korea
1991,China
1991,U.S.S.R.
1991,Kazakhstan
1991,Kirghizia
1991,Byelorussia
1991,Ukraine
1991,Belgium
1992,Mexico
1992,El Salvador
1992,Nicaragua
1992,Serbia
1992,Czechoslovakia
1992,Germany
1992,Moldova
1992,Armenia
1992,Turkmenistan
1992,Tajikistan
1992,Azerbaijan
1992,Serbia
1992,Uzbekistan
1992,Serbia
1992,Belgium
1992,United Kingdom
1992,Portugal
1992,Georgia
1992,United Kingdom
1992,Poland
1992,Germany
1992,Finland
1992,Israel
1992,Syria
1992,Jordan
1992,Egypt
1992,Syria
1992,Lebanon
1992,Saudi Arabia
1992,Maldives
1992,Philippines
1993,Egypt
1993,Jordan
1993,Syria
1993,Saudi Arabia
1993,Israel
1993,Lebanon
1993,Cyprus
1993,Kuwait
1993,Switzerland
1993,Belgium
1993,Canada
1993,Japan
1993,United Kingdom
1993,France
1993,Serbia
1993,Belgium
1993,Germany
1993,Italy
1993,Luxembourg
1993,Greece
1993,Turkey
1993,Austria
1993,Japan
1993,Republic of Korea
1993,Singapore
1993,Egypt
1993,Israel
1993,Lebanon
1993,Syria
1993,Syria
1993,Jordan
1993,Israel
1993,Syria
1993,Italy
1993,Serbia
1993,Hungary
1993,Kazakhstan
1993,Ukraine
1993,Belarus
1993,Latvia
1993,Italy
1993,Belgium
1993,Israel
1993,Syria
1993,Jordan
1993,Israel
1993,Egypt
1993,Syria
1993,Israel
1993,Morocco
1993,Tunisia
1994,Belgium
1994,Czech Republic
1994,Ukraine
1994,Serbia
1994,Belarus
1994,Switzerland
1994,Norway
1994,France
1994,Australia
1994,Japan
1994,People’s Republic of China
1994,Serbia
1994,United Kingdom
1994,Switzerland
1994,Egypt
1994,Saudi Arabia
1994,Israel
1994,Syria
1994,Israel
1994,Egypt
1994,Mexico
1994,Switzerland
1994,Syria
1994,Israel
1994,Palestinian Authority
1994,Syria
1994,Egypt
1994,Italy
1994,United Kingdom
1994,France
1994,Turkey
1994,Belgium
1994,United Kingdom
1994,Switzerland
1994,Latvia
1994,Poland
1994,Italy
1994,Germany
1994,Israel
1994,Syria
1994,Jordan
1994,Palestinian Authority
1994,Israel
1994,Syria
1994,Switzerland
1994,Egypt
1994,Israel
1994,Syria
1994,Jordan
1994,Israel
1994,Belgium
1994,Germany
1994,Israel
1994,Syria
1994,Jordan
1994,Kuwait
1994,Israel
1994,Syria
1994,Germany
1994,Egypt
1994,Haiti
1994,Egypt
1994,Jordan
1994,Syria
1994,Israel
1994,Kuwait
1994,Saudi Arabia
1994,Morocco
1994,Republic of Korea
1994,Indonesia
1994,Philippines
1994,Indonesia
1994,Thailand
1994,Belgium
1994,Hungary
1994,Syria
1994,Israel
1994,Palestinian Authority
1995,Switzerland
1995,Canada
1995,Egypt
1995,Israel
1995,Palestinian Authority
1995,Saudi Arabia
1995,Syria
1995,Jordan
1995,Israel
1995,Syria
1995,France
1995,Switzerland
1995,Serbia
1995,Ukraine
1995,Netherlands
1995,Portugal
1995,Spain
1995,Haiti
1995,Israel
1995,Egypt
1995,Syria
1995,Israel
1995,Palestinian Authority
1995,Jordan
1995,Canada
1995,United Kingdom
1995,Brunei Darussalam
1995,Malaysia
1995,Cambodia
1995,Vietnam
1995,Jordan
1995,Syria
1995,Israel
1995,Japan
1995,Spain
1995,Belgium
1995,France
1995,Syria
1995,Israel
1995,Palestinian Authority
1995,Jordan
1996,Israel
1996,Syria
1996,Palestinian Authority
1996,Croatia
1996,Bosnia-Herzegovina
1996,Yugoslavia
1996,Israel
1996,Syria
1996,Palestinian Authority
1996,Finland
1996,El Salvador
1996,Chile
1996,Argentina
1996,Brazil
1996,Trinidad and Tobago
1996,Egypt
1996,Israel
1996,Belgium
1996,Switzerland
1996,Ukraine
1996,Czech Republic
1996,Serbia
1996,Republic of Korea
1996,Japan
1996,Netherlands
1996,Syria
1996,Israel
1996,Syria
1996,Israel
1996,Israel
1996,Syria
1996,Syria
1996,Lebanon
1996,Israel
1996,Syria
1996,Israel
1996,Israel
1996,Syria
1996,Mexico
1996,Switzerland
1996,Germany
1996,Israel
1996,France
1996,Saudi Arabia
1996,Egypt
1996,Indonesia
1996,Australia
1996,Belgium
1996,Switzerland
1996,Bosnia
1996,France
1996,United Kingdom
1996,Germany
1996,United Kingdom
1996,Israel
1996,Palestinian Authority
1996,Mali
1996,Ethiopia
1996,Tanzania
1996,South Africa
1996,Angola
1996,Egypt
1996,France
1996,Japan
1996,People’s Republic of China
1996,Philippines
1996,Belgium
1997,Italy
1997,Germany
1997,France
1997,Belgium
1997,United Kingdom
1997,Serbia
1997,Republic of Korea
1997,Japan
1997,China
1997,Finland
1997,Serbia
1997,Guatemala
1997,Mexico
1997,Costa Rica
1997,Barbados
1997,France
1997,Netherlands
1997,Portugal
1997,Croatia
1997,Serbia
1997,Bosnia
1997,Vietnam
1997,United Kingdom
1997,Spain
1997,Poland
1997,Romania
1997,Slovenia
1997,Serbia
1997,Lithuania
1997,Czech Republic
1997,Malaysia
1997,Singapore
1997,Czech Republic
1997,Israel
1997,Palestinian Authority
1997,Syria
1997,Egypt
1997,Saudi Arabia
1997,Jordan
1997,Lebanon
1997,Cyprus
1997,Venezuela
1997,Brazil
1997,Argentina
1997,Haiti
1997,United Kingdom
1997,Switzerland
1997,Qatar
1997,Saudi Arabia
1997,Kuwait
1997,Bahrain
1997,Pakistan
1997,India
1997,Switzerland
1997,Canada
1997,France
1997,France
1997,Switzerland
1997,Ethiopia
1997,Uganda
1997,Rwanda
1997,Democratic Republic of Congo
1997,Angola
1997,South Africa
1997,Zimbabwe
1997,Belgium
1997,France
1997,United Kingdom
1997,Bosnia-Herzegovina
1997,Belgium
1997,United Kingdom
1998,France
1998,Spain
1998,United Kingdom
1998,Israel
1998,Saudi Arabia
1998,Kuwait
1998,Palestinian Authority
1998,Bahrain
1998,Egypt
1998,Ukraine
1998,Italy
1998,Vatican City
1998,United Kingdom
1998,France
1998,Germany
1998,Spain
1998,Canada
1998,Italy
1998,Vatican City
1998,Germany
1998,Trinidad and Tobago
1998,Haiti
1998,Chile
1998,Japan
1998,China
1998,Republic of Korea
1998,Mongolia
1998,United Kingdom
1998,United Kingdom
1998,Switzerland
1998,Luxembourg
1998,Venezuela
1998,Switzerland
1998,United Kingdom
1998,China
1998,Japan
1998,Philippines
1998,Australia
1998,Papua New Guinea
1998,New Zealand
1998,Italy
1998,Germany
1998,Tanzania
1998,Kenya
1998,Croatia
1998,Bosnia-Herzegovina
1998,Serbia
1998,Austria
1998,Israel
1998,Palestinian Authority
1998,Belgium
1998,United Kingdom
1998,Malaysia
1998,Belgium
1998,France
1998,Israel
1998,Palestinian Authority
1998,Jordan
1999,Serbia
1999,Egypt
1999,Saudi Arabia
1999,Jordan
1999,United Kingdom
1999,United Kingdom
1999,France
1999,Mexico
1999,France
1999,China
1999,Thailand
1999,Indonesia
1999,United Kingdom
1999,Guatemala
1999,Belgium
1999,Norway
1999,Belgium
1999,Germany
1999,Germany
1999,Belgium
1999,Former Yugoslav Republic of Macedonia
1999,Finland
1999,France
1999,Germany
1999,Slovenia
1999,Bulgaria
1999,Romania
1999,Austria
1999,Japan
1999,Singapore
1999,Bahrain
1999,Italy
1999,Vatican City
1999,Serbia-Montenegro (Kosovo)
1999,Bosnia-Herzegovina
1999,Italy
1999,Morocco
1999,Israel
1999,Egypt
1999,Palestinian Authority
1999,Syria
1999,Lebanon
1999,Egypt
1999,Israel
1999,Turkey
1999,Vietnam
1999,New Zealand
1999,Guinea
1999,Sierra Leone
1999,Mali
1999,Nigeria
1999,Kenya
1999,Tanzania
1999,Norway
1999,Turkey
1999,Greece
1999,Italy
1999,Slovakia
1999,Bulgaria
1999,Serbia-Montenegro (Kosovo)
1999,Saudi Arabia
1999,Syria
1999,Israel
1999,Palestinian Authority
1999,Egypt
1999,Germany
1999,France
2000,Colombia
2000,Panama
2000,Mexico
2000,Switzerland
2000,Serbia
2000,Croatia
2000,Croatia
2000,Albania
2000,Portugal
2000,Czech Republic
2000,Bosnia-Herzegovina
2000,Belgium
2000,Italy
2000,India
2000,Bangladesh
2000,Switzerland
2000,India
2000,Pakistan
2000,Oman
2000,Switzerland
2000,Ukraine
2000,Kazakhstan
2000,Uzbekistan
2000,Kyrgyzstan
2000,Italy
2000,United Kingdom
2000,Portugal
2000,Germany
2000,Serbia
2000,Israel
2000,Palestinian Authority
2000,Egypt
2000,Ireland
2000,Syria
2000,China
2000,South Korea
2000,Poland
2000,Israel
2000,Palestinian Authority
2000,Germany
2000,Thailand
2000,Japan
2000,Serbia
2000,Italy
2000,Vatican City
2000,Ireland
2000,Argentina
2000,Brazil
2000,Chile
2000,Bolivia
2000,Ecuador
2000,Netherlands
2000,Colombia
2000,Iceland
2000,France
2000,France
2000,Germany
2000,Egypt
2000,Egypt
2000,Saudi Arabia
2000,North Korea
2000,Republic of Korea
2000,Brunei Darussalam
2000,Austria
2000,Mexico
2000,South Africa
2000,Mauritius
2000,Botswana
2000,Algeria
2000,Hungary
2000,Belgium
2001,Spain
2001,France
2001,Mexico
2001,Egypt
2001,Israel
2001,Kuwait
2001,Jordan
2001,Palestinian Authority
2001,Saudi Arabia
2001,Syria
2001,Belgium
2001,France
2001,Former Yugoslav Republic of Macedonia
2001,Ireland
2001,Bosnia-Herzegovina
2001,Canada
2001,Mali
2001,South Africa
2001,Kenya
2001,Uganda
2001,Hungary
2001,Spain
2001,Belgium
2001,Sweden
2001,Poland
2001,Slovenia
2001,Israel
2001,Egypt
2001,Palestinian Authority
2001,Jordan
2001,France
2001,Italy
2001,Japan
2001,Vietnam
2001,Republic of Korea
2001,People’s Republic of China
2001,Australia
2001,Peru
2001,Pakistan
2001,India
2001,People’s Republic of China
2001,Romania
2001,Turkey
2001,Belgium
2001,Uzbekistan
2001,Kazakhstan
2001,Serbia
2001,Germany
2001,France
2001,United Kingdom
2002,Pakistan
2002,Afghanistan
2002,India
2002,Nepal
2002,Japan
2002,Bahamas
2002,Japan
2002,Republic of Korea
2002,China
2002,Mexico
2002,Peru
2002,El Salvador
2002,Morocco
2002,Egypt
2002,Spain
2002,Jordan
2002,Israel
2002,Palestinian Authority
2002,Lebanon
2002,Syria
2002,Israel
2002,Palestinian Authority
2002,Egypt
2002,Iceland
2002,Canada
2002,Germany
2002,Serbia
2002,France
2002,Italy
2002,Vatican City
2002,Barbados
2002,Canada
2002,India
2002,Pakistan
2002,Thailand
2002,Malaysia
2002,Brunei Darussalam
2002,Singapore
2002,Indonesia
2002,Philippines
2002,South Africa
2002,Angola
2002,Gabon
2002,Cape Verde
2002,Mexico
2002,Canada
2002,Czech Republic
2002,Serbia
2002,Lithuania
2002,Romania
2002,Mexico
2002,Colombia
2003,Switzerland
2003,Japan
2003,People’s Republic of China
2003,Republic of Korea
2003,Turkey
2003,Belgium
2003,Serbia and Montenegro
2003,United Kingdom
2003,Spain
2003,Albania
2003,Syria
2003,Lebanon
2003,Israel
2003,Palestinian Authority
2003,Egypt
2003,Jordan
2003,Saudi Arabia
2003,Serbia
2003,Germany
2003,Bulgaria
2003,France
2003,Poland
2003,Serbia
2003,Italy
2003,Egypt
2003,Vatican City
2003,Jordan
2003,Qatar
2003,Chile
2003,Argentina
2003,Cambodia
2003,Jordan
2003,Bangladesh
2003,Israel
2003,Palestinian Authority
2003,Senegal
2003,South Africa
2003,Botswana
2003,Nigeria
2003,Uganda
2003,Switzerland
2003,Kuwait
2003,Iraq
2003,Kuwait
2003,Thailand
2003,Kenya
2003,Egypt
2003,Spain
2003,Panama
2003,Nicaragua
2003,Honduras
2003,United Kingdom
2003,Belgium
2003,Netherlands
2003,Tunisia
2003,Morocco
2003,Algeria
2003,Belgium
2004,Mexico
2004,Georgia
2004,Serbia
2004,India
2004,Afghanistan
2004,Pakistan
2004,Kuwait
2004,Saudi Arabia
2004,Iraq
2004,Spain
2004,Germany
2004,Belgium
2004,Haiti
2004,Germany
2004,Denmark
2004,Jordan
2004,Vatican City
2004,Italy
2004,France
2004,Ecuador
2004,Ireland
2004,Turkey
2004,Sudan
2004,Maldives
2004,Indonesia
2004,Hungary
2004,Egypt
2004,Saudi Arabia
2004,Kuwait
2004,Iraq
2004,Bosnia-Herzegovina
2004,Poland
2004,Denmark
2004,Panama
2004,Brazil
2004,Grenada
2004,Japan
2004,People’s Republic of China
2004,Republic of Korea
2004,Mexico
2004,Chile
2004,Israel
2004,Egypt
2004,Palestinian Authority
2004,Canada
2004,Haiti
2004,Bulgaria
2004,Belgium
2004,Morocco
2004,Netherlands
2005,Oman
2005,Thailand
2005,Indonesia
2005,Sri Lanka
2005,Kenya
2005,Ukraine
2005,United Kingdom
2005,Germany
2005,Poland
2005,Turkey
2005,Israel
2005,Palestinian Authority
2005,Italy
2005,France
2005,Vatican City
2005,Belgium
2005,Luxembourg
2005,Belgium
2005,Germany
2005,Slovakia
2005,United Kingdom
2005,Mexico
2005,India
2005,Pakistan
2005,Afghanistan
2005,Japan
2005,Republic of Korea
2005,People’s Republic of China
2005,Vatican City
2005,Serbia
2005,Lithuania
2005,Brazil
2005,Colombia
2005,Chile
2005,El Salvador
2005,Latvia
2005,Netherlands
2005,Serbia
2005,Georgia
2005,Iraq
2005,Qatar
2005,Ireland
2005,Israel
2005,Palestinian Authority
2005,Jordan
2005,Egypt
2005,Saudi Arabia
2005,Belgium
2005,United Kingdom
2005,People’s Republic of China
2005,Thailand
2005,Japan
2005,Republic of Korea
2005,Senegal
2005,Sudan
2005,Israel
2005,Lebanon
2005,Palestinian Authority
2005,Haiti
2005,Ireland
2005,Kyrgyzstan
2005,Afghanistan
2005,Pakistan
2005,Kazakhstan
2005,France
2005,Tajikistan
2005,Serbia
2005,United Kingdom
2005,Canada
2005,Argentina
2005,Brazil
2005,Iraq
2005,Bahrain
2005,Saudi Arabia
2005,Israel
2005,Jordan
2005,Palestinian Authority
2005,Republic of Korea
2005,People’s Republic of China
2005,Mongolia
2005,Germany
2005,Romania
2005,Ukraine
2005,Belgium
2006,Liberia
2006,France
2006,United Kingdom
2006,Egypt
2006,Saudi Arabia
2006,Lebanon
2006,United Arab Emirates
2006,India
2006,Afghanistan
2006,Pakistan
2006,Chile
2006,Brazil
2006,Indonesia
2006,Australia
2006,Bahamas
2006,Germany
2006,France
2006,United Kingdom
2006,Iraq
2006,Greece
2006,Turkey
2006,Iraq
2006,Bulgaria
2006,Austria
2006,Austria
2006,Hungary
2006,United Kingdom
2006,Pakistan
2006,Afghanistan
2006,Serbia
2006,France
2006,Germany
2006,Serbia
2006,Israel
2006,Lebanon
2006,Italy
2006,Palestinian Authority
2006,Malaysia
2006,Israel
2006,Canada
2006,Saudi Arabia
2006,Egypt
2006,Palestinian Authority
2006,Israel
2006,Iraq
2006,United Kingdom
2006,Japan
2006,Republic of Korea
2006,People’s Republic of China
2006,Serbia
2006,Vietnam
2006,Indonesia
2006,Estonia
2006,Latvia
2006,Jordan
2006,Palestinian Authority
2006,Israel
2007,Israel
2007,Israel
2007,Jordan
2007,Palestinian Authority
2007,Egypt
2007,Saudi Arabia
2007,Kuwait
2007,Germany
2007,United Kingdom
2007,Israel
2007,Iraq
2007,Palestinian Authority
2007,Germany
2007,Canada
2007,Brazil
2007,Uruguay
2007,Colombia
2007,Guatemala
2007,Mexico
2007,Egypt
2007,Israel
2007,Palestinian Authority
2007,Jordan
2007,Norway
2007,Egypt
2007,Serbia
2007,Germany
2007,Austria
2007,Spain
2007,Panama
2007,France
2007,Portugal
2007,Egypt
2007,Saudi Arabia
2007,Israel
2007,Palestinian Authority
2007,Australia
2007,Israel
2007,Palestinian Authority
2007,Serbia
2007,Israel
2007,Palestinian Authority
2007,Egypt
2007,Israel
2007,Palestinian Authority
2007,United Kingdom
2007,Turkey
2007,Israel
2007,Palestinian Authority
2007,Ethiopia
2007,Belgium
2007,France
2007,Iraq
2008,Israel
2008,Palestinian Authority
2008,Kuwait
2008,Bahrain
2008,United Arab Emirates
2008,Saudi Arabia
2008,Iraq
2008,Germany
2008,Switzerland
2008,Colombia
2008,United Kingdom
2008,Afghanistan
2008,Benin
2008,Tanzania
2008,Kenya
2008,Rwanda
2008,Ghana
2008,Liberia
2008,Republic of Korea
2008,People’s Republic of China
2008,Japan
2008,Egypt
2008,Palestinian Authority
2008,Israel
2008,Belgium
2008,Brazil
2008,Chile
2008,Serbia
2008,Israel
2008,Jordan
2008,Ukraine
2008,Romania
2008,Croatia
2008,Serbia
2008,Bahrain
2008,Iraq
2008,Kuwait
2008,Kuwait
2008,United Kingdom
2008,Israel
2008,Palestinian Authority
2008,Israel
2008,Saudi Arabia
2008,Egypt
2008,Sweden
2008,Iceland
2008,France
2008,Israel
2008,Palestinian Authority
2008,Lebanon
2008,Germany
2008,Japan
2008,Republic of Korea
2008,People’s Republic of China
2008,Czech Republic
2008,Bulgaria
2008,Georgia
2008,United Arab Emirates
2008,Singapore
2008,Australia
2008,New Zealand
2008,Samoa
2008,France
2008,Georgia
2008,Belgium
2008,Poland
2008,Iraq
2008,Israel
2008,Palestinian Authority
2008,Portugal
2008,Libya
2008,Tunisia
2008,Algeria
2008,Morocco
2008,India
2008,Kazakhstan
2008,Mexico
2008,Israel
2008,Palestinian Authority
2008,Egypt
2008,Peru
2008,United Kingdom
2008,Belgium
2008,India
2008,Pakistan
2008,Denmark
2008,Panama
2009,Cambodia
2009,Japan
2009,Indonesia
2009,Republic of Korea
2009,People’s Republic of China
2009,Egypt
2009,Israel
2009,Palestinian Authority
2009,Belgium
2009,Switzerland
2009,Turkey
2009,Mexico
2009,Netherlands
2009,United Kingdom
2009,Germany
2009,France
2009,Czech Republic
2009,Dominican Republic
2009,Haiti
2009,Trinidad and Tobago
2009,Kuwait
2009,Iraq
2009,Lebanon
2009,El Salvador
2009,Honduras
2009,Canada
2009,India
2009,Thailand
2009,Kenya
2009,South Africa
2009,Angola
2009,Democratic Republic of Congo
2009,Nigeria
2009,Liberia
2009,Cape Verde
2009,Switzerland
2009,United Kingdom
2009,Ireland
2009,United Kingdom
2009,Russia
2009,Pakistan
2009,Israel
2009,United Arab Emirates
2009,Morocco
2009,Egypt
2009,Germany
2009,Singapore
2009,Philippines
2009,Singapore
2009,People’s Republic of China
2009,Afghanistan
2009,Belgium
2009,Denmark
2010,Haiti
2010,Canada
2010,United Kingdom
2010,France
2010,Qatar
2010,Saudi Arabia
2010,Uruguay
2010,Argentina
2010,Chile
2010,Brazil
2010,Costa Rica
2010,Guatemala
2010,Russia
2010,Mexico
2010,Canada
2010,Czech Republic
2010,Estonia
2010,Japan
2010,People’s Republic of China
2010,South Korea
2010,Peru
2010,Ecuador
2010,Colombia
2010,Barbados
2010,Ukraine
2010,Poland
2010,Armenia
2010,Azerbaijan
2010,Georgia
2010,Pakistan
2010,Afghanistan
2010,South Korea
2010,Vietnam
2010,Egypt
2010,Israel
2010,Palestinian Authority
2010,Jordan
2010,Bosnia-Herzegovina
2010,Serbia
2010,Belgium
2010,Kosovo
2010,Vietnam
2010,People’s Republic of China
2010,Malaysia
2010,Papua New Guinea
2010,New Zealand
2010,Australia
2010,Portugal
2010,Kazakhstan
2010,Kyrgyz Republic
2010,Uzbekistan
2010,Bahrain
2010,Canada
